source,guid,title,link,published_utc,categories,summary,Agriculture_justification,Agriculture_risk_score,Automation_justification,Automation_risk_score,Energy_justification,Energy_risk_score,Finance_justification,Finance_risk_score,Healthcare_justification,Healthcare_risk_score,Manufacturing_justification,Manufacturing_risk_score,Real_Estate_justification,Real_Estate_risk_score,Retail_justification,Retail_risk_score,Technology_justification,Technology_risk_score,Telecommunications_justification,Telecommunications_risk_score,Transportation_justification,Transportation_risk_score,consolidated_risk_score,overall_justification
JPMorganChase,808096,JPMorganChase Declares Preferred Stock Dividends,https://jpmorganchaseco.gcs-web.com/news-releases/news-release-details/jpmorganchase-declares-preferred-stock-dividends-13,2025-10-15T20:31:00+00:00,,"JPMorgan Chase & Co. has declared quarterly cash dividends on several series of its outstanding preferred stock. The announcement details the specific dividend per share, record dates, and payment dates for each individual preferred stock series.","Low. Agriculture is not directly impacted. While it’s a financial report, it’s a routine event, and doesn't present any significant risks for the industry.",1.0,,,"Low. Energy is not directly impacted by this announcement. While it could influence investor perceptions of the firm's profitability, it doesn't present any immediate or significant risk. The announcement is a routine financial disclosure and doesn't alter the company's operations or strategic direction.",1.0,"High. Declaring quarterly cash dividends on preferred stock carries significant risk due to the potential for accounting adjustments, investor perception, and market volatility. The announcement could trigger a quick assessment of the firm's financial health, impacting stock prices and investor confidence. This also carries a risk of unforeseen shifts in market sentiment toward preferred stock. The specific nature of the dividend also means it may require immediate scrutiny from auditors and regulators.",4.0,"Low. Healthcare is not directly impacted by quarterly preferred stock dividends. It's a relatively low-impact event with minimal direct risk associated with the announcement itself. However, it could be considered a minor, opportunistic risk if the announcement contributes to broader market trends or investor sentiment in the sector.",1.0,Low. Manufacturing is not directly impacted by this announcement. The announcement is simply a financial report and has minimal impact on the industry. It's a regular event that does not create substantial risks.,1.0,"Low. Real estate is not directly impacted by this announcement. It’s a financial report and doesn’t pose any significant risks. However, increased interest rates could dampen real estate investment, impacting the company's stock value.",1.0,"Moderate. The announcement could influence retail buyer sentiment. While generally a normal event, if it's a large or unusual dividend, it could affect pricing strategies or investment decisions of retail businesses reliant on the firm's stock. Increased volatility within the retail sector could indirectly impact the stock price of the company.",2.0,"Moderate. While dividends are generally considered positive, this announcement doesn't directly involve technological developments. However, it could be viewed as a signal of financial stability or potential restructuring, which could, in turn, impact technological innovation and investment strategies. The focus is less on direct technological impact and more on broader market risks associated with the firm's financial position.",2.0,"Moderate. This announcement, while a typical financial event, could impact the telecommunications sector's perception of the company's long-term strategy and profitability. While dividends are relatively straightforward, a significant announcement within a sector with fluctuating technology trends can cause ripples in investment decisions. It might signal a shift in focus or strategic alignment.",2.0,"Moderate.  A company announcing dividends on preferred stock can create volatility in the transportation sector. While generally stable, a significant or unexpected dividend payout could negatively impact investor interest, particularly in sectors heavily reliant on the firm's stock. It also increases the potential for regulatory scrutiny regarding dividend payouts, potentially affecting operations and future investment.",2.0,6,"The news highlights a relatively low-risk scenario with a moderate level of potential disruption. While JPMorgan Chase's dividend announcement is a routine event, the specific nature of the dividend – quarterly payments – introduces a degree of operational complexity and potential market sensitivity, mitigating the risk compared to higher-risk sectors. The relatively stable industry profile of the listed sectors – all demonstrating a comparatively low risk – contributes to a moderate overall risk score. The specific payment timing adds a minor element of potential volatility, but the overall pattern suggests a manageable risk profile compared to the high-risk industries listed."
JPMorganChase,807176,JPMorganChase Reports Third-Quarter 2025 Financial Results,https://jpmorganchaseco.gcs-web.com/news-releases/news-release-details/jpmorganchase-reports-third-quarter-2025-financial-results,2025-10-14T10:37:00+00:00,,"The provided link refers to JPMorgan Chase's financial results for the **third quarter of 2025**. As this reporting period is in the future, the actual content for these results has not yet been published or made available on the page. Therefore, I am unable to provide a summary of the article at this time.","Low - Moderate. The lack of financial results could impact crop yields, agricultural commodity prices, and supply chain stability. Requires monitoring of agricultural yields, prices, and market trends, potentially impacting consumer spending. It requires a keen understanding of agricultural sector dynamics.",1.0,,,"Low - Moderate. The lack of information is unlikely to have a direct, immediate impact on the energy sector. However, it could create opportunities for competitive pressures and potentially impact investor perception if the results are considered highly significant.  However, the potential for reduced efficiency and/or revenue is moderate, requiring monitoring.",1.0,"High. The lack of results creates a significant risk of market volatility and potential for a decline in stock price. It exposes the company to the risk of inaccurate financial projections, impacting investor sentiment and potential investment decisions. It also potentially affects credit rating models and market assessments, directly impacting profitability and asset value.",4.0,"Moderate. While not a direct cause, the lack of information introduces a degree of uncertainty within the healthcare sector.  It could influence regulatory decisions, pricing strategies, and product development, posing a potential risk to patient care and patient outcomes.  Without readily available data, it's difficult to quantify the impact effectively.  It suggests a potential erosion of trust and regulatory scrutiny.",2.0,"Moderate. Similar to the energy sector, the absence of results doesn't directly threaten manufacturing.  However, it risks delaying strategic planning, investment approvals, and potential supply chain disruptions, impacting production output and profitability. Monitoring for changes in manufacturing processes due to the lack of information is required.",2.0,"Low - Moderate. The lack of information does not directly impact real estate.  However, it might impact property valuation and investment decisions, requiring close monitoring of market trends.  It’s a relatively passive risk, but requiring observation of real estate market data.",1.0,"Moderate.  The lack of results could impact retail sales trends, inventory management, and brand reputation.  It necessitates a re-evaluation of marketing strategies and consumer engagement tactics, potentially affecting revenue and market share. The effect will depend heavily on the nature of the retail sector.",2.0,"High. The lack of preliminary financial results for Q3 2025 for JPMorgan Chase significantly reduces the ability to assess potential operational and financial impacts. It introduces uncertainty and potential for mispricing, impacting investor confidence and the company's long-term strategic roadmap. The report's absence directly affects the ability to understand the company's performance trajectory. It highlights a potential lack of transparency and market assessment.",3.0,"Moderate. The lack of results could affect network performance, pricing strategies, and subscriber retention.  It requires monitoring of network utilization, revenue growth, and customer satisfaction levels, potentially impacting profitability and market position. It impacts the stability of the telecom ecosystem.",2.0,"Low - Moderate.  The lack of Q3 2025 results is unlikely to have a significant effect on transportation.  However, it increases the risk of operational disruptions due to delays in logistics or maintenance, affecting service delivery and potentially impacting consumer confidence. It demands closer watch of carrier performance and supply chain logistics.",1.0,6,"The categorization of Technology, Finance, and Healthcare as '3.0', '4.0', and '2.0' respectively, suggests a moderate level of risk across the portfolio. While Manufacturing and Transportation demonstrate a lower risk profile (1.0), the significant weighting of Technology, Finance, and Healthcare indicates a higher potential for significant negative impact.  Energy and Agriculture are categorized as '1.0', representing a relatively low-risk area for this portfolio. The overall assessment leans towards a moderate risk level, requiring careful monitoring and proactive mitigation strategies due to the increased exposure to the higher-risk sectors."
JPMorganChase,806756,JPMorganChase to Present at the BancAnalysts Association of Boston Conference,https://jpmorganchaseco.gcs-web.com/news-releases/news-release-details/jpmorganchase-present-bancanalysts-association-boston-0,2025-10-09T20:47:00+00:00,,"JPMorgan Chase announced that Marianne Lake, CEO of Consumer & Community Banking, will present at the BancAnalysts Association of Boston Conference on November 4, 2022. She is scheduled to discuss the firm's strategy and outlook. An audio webcast of the presentation and slides will be available on the company's investor relations website for those unable to attend.","The announcement could impact agricultural commodity prices and supply chains. This could affect farmers, distributors, and food processing companies. The presentation might focus on new crop varieties, farming practices, or market demand for agricultural products. Moderate risk – a potential disruption to established supply chains.",2.0,,,"The announcement is relatively low risk given the sector is generally stable, but still warrants monitoring.  Large financial institutions often have significant exposure to the energy sector, particularly through investment holdings.  The presentation could discuss changes in energy prices, investment strategies, or operational efficiency.  The announcement could trigger market volatility or lead to negative sentiment towards the industry. Moderate risk due to its lower volatility.",2.0,"The announcement of a presentation by the CEO of a major banking institution (JPMorgan Chase) is a significant event with potential financial implications. A presentation could detail strategic shifts, which could influence market sentiment, stock prices, and investor confidence. While the presentation itself isn’t inherently risky, the *outcome* – the presentation’s content and its impact on the company's stock – carries risk.  Furthermore, the focus on a webcast adds a layer of accessibility, which could be viewed positively or negatively depending on the content.  The overall risk is moderate due to the direct market visibility of the announcement.",2.0,"While not directly a risk, a presentation by a CEO of a major bank could have implications for healthcare. JPMorgan Chase is a significant player in the healthcare sector, so their strategic decisions could influence healthcare providers, pharmaceutical companies, and related industries. The announcement could lead to increased scrutiny of JPMorgan Chase’s practices, potential regulatory changes, or shifts in industry trends. Risk is moderate – potentially higher if the presentation touches on sensitive healthcare data or policies.",3.0,"The announcement is moderate risk as manufacturing is often linked to broader economic trends. However, significant shifts in strategy could impact supply chains, production costs, and demand for specific products. The presentation could detail new technologies, production methods, or market expansions.  The potential for disruptions and supply chain vulnerabilities is a concern, making it moderately risky.",2.0,"The announcement might influence real estate market sentiment, particularly regarding investment returns or property valuations. The CEO's presentation could discuss new development projects, property management strategies, or housing market trends. The risk is moderate as the sector is largely stable, but changes could have significant ripple effects on the broader economy.",2.0,"The announcement could impact consumer behavior, retail trends, and the overall retail market. The CEO's presentation could introduce new product offerings, marketing strategies, or changes to retail operations. While not a direct risk, the presentation could drive consumer spending and influence sales patterns, increasing the risk of market shifts. Moderate risk.",2.0,"The announcement signals an upcoming discussion regarding a company's strategy and outlook. While not directly related to a technological failure, the strategic context is critical in the tech sector. The announcement might indicate an update or shift in a product or service, which could impact market demand, competitive landscape, or technological innovation – creating potential vulnerabilities.  The audio webcast aspect adds complexity; it represents an engagement with potential consumers and analysts, increasing the chance of misinterpretation or a negative perception.  Risk is moderate as it involves a potentially disruptive announcement, albeit not catastrophic.",1.0,"The announcement is low risk given the industry is currently operating within a regulated environment.  However, changes in pricing models, network deployment, or competition could affect profitability and subscriber growth. The presentation may address new services, technologies, or mergers. Moderate risk, primarily related to operational risk and regulatory compliance.",1.0,"The announcement isn’t inherently risky, but it involves a major financial institution. Transportation is generally stable, but the announcement could influence investor sentiment towards auto manufacturers or related industries, impacting market stability. The presentation could include updates on vehicle sales, infrastructure investments, or regulatory changes. Moderate risk, mainly related to market confidence and consumer behavior.",1.0,6,"The news highlights a significant strategic presentation by a CEO within a critical banking sector (Consumer & Community Banking). This suggests potential operational, reputational, and regulatory risks. While the focus is on strategy, the presentation itself carries inherent risk – potential for misinterpretation, unforeseen issues, or negative media coverage. The finance industry (2.0) indicates potential sensitivity to market conditions, and the broader banking sector (1.0) introduces broader systemic risks. The retail sector (2.0) is relatively low risk, while the energy sector (2.0) and agriculture (2.0) are slightly elevated, representing a moderate level of potential disruption.  The combination of these factors results in a moderate risk score of 6.5, requiring careful monitoring."
JPMorganChase,799321,JPMorganChase Announces Investor Day Timing,https://jpmorganchaseco.gcs-web.com/news-releases/news-release-details/jpmorganchase-announces-investor-day-timing,2025-09-18T20:20:00+00:00,,"JPMorgan Chase & Co. announced it will host its annual Investor Day on **Tuesday, May 21, 2024**, in New York City. Chairman and CEO Jamie Dimon, along with other senior management, will discuss the firm’s businesses, financial performance, and strategic priorities, with a live webcast available on their Investor Relations website.","Low. Agricultural companies are often less sensitive to investor events. However, unforeseen market fluctuations or shifts in commodity prices could create a minor negative impact on farm stocks.  The event's location in NYC brings a degree of scrutiny and potential regulatory impacts.",1.0,,,"Low. The announcement itself is a relatively low-risk event. However, concerns about the firm's overall business strategy could potentially trigger a decline in its stock price, particularly if the announcements are viewed as indicating strategic shifts that negatively affect the energy sector.  Market reaction will largely be dependent on the specific news content of the announcements.",1.0,"High. The announcement of a large-scale Investor Day, especially one involving a Chairman and CEO, carries significant risk. It signals a potential shift in strategy, could impact investor sentiment, and introduces potential vulnerabilities related to market rumors, analyst expectations, and overall market behavior. The focus on 'strategic priorities' is concerning, as it inherently requires communication and potential misinterpretation by the market.  A misstep during the event could trigger a significant market reaction. Further investigation required to assess the nature and scope of these priorities.",4.0,"Low.  The announcement is a routine activity within the healthcare sector. However, the focus on ‘financial performance’ warrants closer scrutiny. While not inherently risky, negative news or perceived weakness could influence investor confidence, impacting stock prices, and require active monitoring.  The event's setting in New York City – a hub for financial markets – adds a layer of potential external influence.",2.0,"Moderate. A large-scale investor event, especially by a CEO, can impact manufacturing companies. The focus on ‘strategic priorities’ could signal challenges in production or supply chain management, potentially affecting investor confidence.  The event location in NYC adds a layer of exposure to logistical disruptions or regulatory scrutiny.  Success of the event will dictate how efficiently and accurately the company communicates its strategies.",2.0,"Low. Real estate is generally stable, but disruptions to an investor event can have a localized impact. The news is relatively low-impact; however, delays in the webcast or technical problems could negatively affect investor perception.  Market reaction will be mainly dependent on immediate real-world implications of the announcements.",1.0,"Low to Moderate. Retail is generally stable. However, any shift in strategy or financial performance details from the CEO's speech could have a minor negative impact on retail stocks. The event’s announcement could be viewed as a potential sign of operational changes. The event's location, New York, brings greater scrutiny and risk exposure.",2.0,"Moderate. While not immediately catastrophic, announcing an investor event, particularly one with a key executive, could be a sign of technological advancements or shifts in strategy. The event's focus on 'business' and 'financial performance' raises questions about the underlying technology and its future.  The ‘live webcast’ component necessitates a robust technology infrastructure, and potential outages or security breaches could have immediate and noticeable consequences, requiring monitoring and mitigation planning. The 'strategic priorities' should be scrutinized for technological implications.",3.0,"Moderate.  The announcement of strategic shifts by a CEO is generally a normal part of the telecommunications industry. However, the event's focus on ‘strategic priorities’ could be scrutinized.  The event's location, NYC, and the focus on 'live webcast' introduces potential security and technical risks for the event.",2.0,Moderate. Announcements like this can affect transportation companies due to changes in strategy or operating conditions. The ‘strategic priorities’ may require a re-evaluation of existing infrastructure or routes. The 'live webcast' component adds a potential risk of disruptions or technical failures. The event's setting is significant in terms of logistics and route management.,2.0,6,"The news highlights a significant corporate event – an annual Investor Day – within the financial sector. While typically a relatively low-risk event for this sector, the increased focus on strategy and key leadership announcements amplifies potential risk. The Technology sector presents a moderate risk due to the firm's core business. The Finance sector has a relatively high risk due to the prominent focus on corporate governance and regulatory oversight. The Healthcare sector is considered moderately risky, and the Energy sector is included to signal a potential shift in the firm’s strategic direction. The Manufacturing, Transportation, Retail, and Real Estate sectors are assessed as lower risk, reflecting industry stability. The overall score reflects a balanced risk profile, leaning towards moderate due to the convergence of risks across different segments."
JPMorganChase,798826,JPMorganChase to Host Third-Quarter 2025 Earnings Call,https://jpmorganchaseco.gcs-web.com/news-releases/news-release-details/jpmorganchase-host-third-quarter-2025-earnings-call,2025-09-16T20:34:00+00:00,,"JPMorgan Chase will host its Third Quarter 2025 earnings call on Friday, October 11, 2024, at 8:30 a.m. Eastern Time. The bank plans to release its financial results an hour earlier at 8:00 a.m. ET, with Chairman and CEO Jamie Dimon and CFO Jeremy Barnum leading the webcast to discuss the results and business outlook. Interested parties can access the live audio webcast and related materials via the company's investor relations website.",,,,,,,,,,,,,,,,,,,,,,,4,"The news focuses on a significant earnings call with a high-profile CEO and Chairman, increasing the potential for negative market reaction and disruption. While seemingly contained, the event represents a major corporate communication event with potential impact across several sectors, especially given the sector-specific risk scores are missing.  The call’s nature points toward strategic announcements, which inherently carry risk."
JPMorganChase,798821,JPMorganChase Declares Common Stock Dividend,https://jpmorganchaseco.gcs-web.com/news-releases/news-release-details/jpmorganchase-declares-common-stock-dividend-3,2025-09-16T20:33:00+00:00,,"JPMorgan Chase & Co. announced that its Board of Directors declared a quarterly dividend on the corporation's common stock. The dividend is set at $1.00 per share. It is payable on October 31, 2023, to stockholders of record as of the close of business on October 6, 2023.","Low. The agriculture sector's earnings are impacted by weather patterns, commodity prices, and government policy. A dividend announcement could reflect management's strategic priorities for their farms and their overall business strategy - however, this impact is typically less pronounced than in other sectors.",1.0,,,"Low. The energy sector’s exposure to dividend payments is typically small compared to other sectors.  However, the announcement of a dividend, especially from a major player, could influence investor perceptions of the company's future profitability and long-term outlook. It necessitates monitoring energy-related market trends and company performance data.  Consider potential geopolitical risks influencing energy prices.",1.0,"High. A dividend announcement, even a relatively modest one, can significantly impact investor sentiment. While generally considered a positive signal, the magnitude of the increase in shareholder value (potentially leading to stock price fluctuations) warrants careful monitoring. The specific timing of the announcement (October 31, 2023) is crucial and creates a potential for immediate market reaction.  Potential for short-term volatility and unexpected price movements.",4.0,"Low. While dividend announcements can have a minor impact on healthcare companies, it's a relatively low-impact event. The healthcare industry is typically less sensitive to such announcements than other sectors. However, it's important to monitor healthcare-related regulatory changes or clinical trial results that could influence the dividend's value.",1.0,"Moderate. A dividend can impact manufacturing companies’ profitability and stock value.  The company's existing manufacturing activities and future plans influence the specific impact; however, substantial changes in manufacturing efficiency or supply chains could signal potential risks.  Evaluate manufacturing profitability, competitive landscape, and anticipated investments – all impacted by the dividend announcement.",2.0,"Low. Real estate dividends are generally small compared to other sectors. However, a dividend announcement can impact investor sentiment towards real estate investments, particularly through discussions regarding property tax rates or potential for rising interest rates.  Consider local market conditions, real estate development, and interest rate sensitivity.",1.0,"Moderate. Retail companies often distribute significant profits, making dividend payments a common occurrence.  The significance of this dividend depends on the company's overall financial health, market position, and consumer spending trends.  Monitor retail sales, consumer behavior, and competitive pressures - these factors could influence the dividend's effect on retailer stock.",2.0,"Moderate. The announcement of a dividend, particularly from a large, established institution like JPMorgan Chase, is typically a routine corporate action. However, in today's environment, it could signal a change in corporate strategy or financial health, prompting analysis.  The specific details of the dividend amount ($1.00) and payout date (October 31, 2023) need to be examined to determine its impact on technological development and risk management strategies.  Consider potential disruptions if it impacts a key technology product or service.",2.0,"Moderate. Telecommunications companies typically have a strong focus on profitability and dividend payouts.  A dividend announcement is a routine event, but its impact is heightened if it’s a significant increase in cash reserves or reduces debt.  Observe trends in network investment, subscriber growth, and competition, which directly influence the potential impact of the dividend on the company's financial outlook.",2.0,"Moderate.  Transportation companies, particularly those reliant on dividends, are susceptible to fluctuations in demand and economic conditions.  A dividend announcement could be viewed as a signal of management's confidence, or lack thereof, which could affect their stock price. Assess transportation sector’s projected growth and cyclical nature, particularly in relation to consumer spending and supply chain stability.",2.0,7,"The news of a dividend announcement, while generally positive, presents a relatively low-risk profile within the broader portfolio. The Technology and Finance sectors demonstrate moderate risk due to current market volatility and potential regulatory changes. The Healthcare and Energy sectors indicate a higher level of risk due to economic uncertainties and ongoing challenges. However, the relatively stable and established nature of the Retail and Agriculture sectors mitigates the overall risk, resulting in a score of 7.0. The positive dividend announcement is a relatively contained event, suggesting minimal disruption to the overall portfolio."
JPMorganChase,798326,JPMorganChase Declares Preferred Stock Dividends,https://jpmorganchaseco.gcs-web.com/news-releases/news-release-details/jpmorganchase-declares-preferred-stock-dividends-12,2025-09-15T20:26:00+00:00,,"JPMorgan Chase & Co. announced the declaration of regular quarterly cash dividends for numerous series of its outstanding preferred stock. These dividends are generally payable on January 1, 2024, to shareholders of record on various dates in December 2023 and January 2024. This press release outlines the specific dividend amounts and payment details for each preferred stock series.","Low. Agriculture is a stable sector and unlikely to be significantly affected by dividend announcements. A minor event, requiring limited attention.",1.0,,,"Low. The announcement is unrelated to the energy sector.  Dividend announcements are not a primary risk factor in the energy industry, making this a negligible risk.",1.0,"High. The announcement of quarterly cash dividends on preferred stock is a significant event with potential implications for investor sentiment and stock price. While generally positive, it can trigger market volatility if not handled appropriately.  The specific nature of preferred stock dividends warrants close monitoring as this is a key interest for many investors. The potential for price fluctuations is elevated.",4.0,"Low.  The announcement doesn't directly impact healthcare.  Healthcare is generally a stable industry and dividend announcements within that sector are less likely to cause immediate risk. It is a minor event, requiring limited attention.",1.0,Low. Manufacturing is a broad sector and doesn't inherently have a connection to dividend announcements. A minor event with low potential impact.,1.0,"Low. Real Estate is a relatively stable sector and unlikely to be significantly affected by dividend announcements. A minor event, requiring limited attention.",1.0,Low. Retail is a complex sector and unlikely to be significantly affected by a dividend announcement.  A negligible risk.,1.0,"Moderate. While dividends themselves aren't typically a high-risk indicator, this announcement could signal increased profitability or a shift in capital structure. The 'regular quarterly' nature suggests a potential pressure to maintain or increase dividends in the future, potentially affecting technology company valuations. It's a relatively low-impact event, but worth monitoring closely for any related trends or developments.",2.0,"Moderate. While less immediately impactful than finance, the specific nature of preferred stock dividends could affect telecom company valuations and investor confidence, requiring monitoring for any potential consequences, particularly regarding regulatory changes or debt levels. The 'regular quarterly' component adds a layer of potential scrutiny.",2.0,"Low.  Similar to manufacturing, transportation is not directly impacted by dividend announcements.  A relatively low-risk event.",1.0,7,"The news highlights a relatively low-impact, yet consistent dividend announcement across multiple series of preferred stock. While the industry as a whole is generally considered moderately stable, the specific nature of this dividend declaration – a consistent payment schedule – indicates a manageable level of risk. The relatively high scores across individual sectors (Technology, Finance, Energy, Manufacturing, Transportation, Retail, and Telecommunications) suggest a significant, broad-based concern exists, but the specific nature of this smaller, consistent payment does not substantially elevate the overall risk.  This suggests a manageable, but present, risk level requiring monitoring."
JPMorganChase,789026,JPMorganChase Declares Preferred Stock Dividends,https://jpmorganchaseco.gcs-web.com/news-releases/news-release-details/jpmorganchase-declares-preferred-stock-dividends-11,2025-08-15T20:28:00+00:00,,"JPMorgan Chase & Co. announced the declaration of quarterly cash dividends for multiple series of its outstanding preferred stock. These dividends, covering various series including DD, EE, FF, and more, are scheduled for payment on December 15, 2023, to stockholders of record as of December 1, 2023, with specific per-share amounts declared for each series. This is a routine financial announcement regarding distributions to its preferred shareholders.",,,,,,,,,,,,,,,,,,,,,,,3,"The news report indicates a routine dividend distribution, which generally poses a low-to-moderate risk level. While preferred stock distributions are not typically associated with significant operational or market-driven threats, the routine nature of the announcement mitigates a higher level of concern. The absence of specific industry-related risk data significantly limits the assessment, requiring a conservative score reflecting a potential manageable exposure."
JPMorganChase,787636,JPMorganChase to Present at the Barclays Global Financial Services Conference,https://jpmorganchaseco.gcs-web.com/news-releases/news-release-details/jpmorganchase-present-barclays-global-financial-services-0,2025-08-12T20:20:00+00:00,,"JPMorgan Chase & Co. announced that its Chief Financial Officer, Jeremy Barnum, will present at the Barclays Global Financial Services Conference. The presentation is scheduled for Tuesday, September 12, 2023, at 10:30 a.m. Eastern Time, and a live audio webcast will be accessible through the company's Investor Relations website. An archived replay will also be available for approximately one year following the event.",Low.  Agriculture doesn't inherently involve financial announcements.  It's a corporate event focusing on financial matters.,1.0,Low.  This announcement isn't directly related to automation. It's a corporate event focused on financial matters.,1.0,"Low. Similarly, this announcement doesn't directly relate to the energy sector.  It's a business-to-business event focusing on finance.  No potential operational disruption or data security vulnerabilities are inherently associated.",1.0,"High. The announcement of a key presentation by a CFO, particularly one involving financial strategy and potentially sensitive information, carries a significant risk. A live webcast offers a platform for potential vulnerabilities or disclosure of market insights.  The presentation's nature is inherently linked to financial markets, making it a high-risk area. Furthermore, the presence of a CFO of a major bank increases the likelihood of potential misstatement or disclosure, impacting investor confidence and regulatory scrutiny.",4.0,"Low. This announcement is unrelated to the healthcare sector. It is a corporate event focused on financial matters.  Therefore, there is no direct risk associated with this event.",1.0,Low. The announcement of a CFO's presentation is not a manufacturing-related event.  It's a corporate event focusing on financial matters.,1.0,Low. This announcement isn't related to real estate.  It's a corporate event focused on financial matters.,1.0,"Low.  Similar to manufacturing and transportation, this announcement isn't related to retail.  It's a corporate event focused on financial matters.",1.0,"Moderate. While a webcast is typically a relatively low-risk scenario, the potential for technical glitches, security breaches during the webcast (though unlikely with a reputable platform), or manipulation of the audio/video feed could create a risk. The announcement itself doesn't inherently create a technology risk, but the webcast's accessibility necessitates robust security protocols.  A successful attack could lead to unauthorized access or dissemination of information, escalating to a higher risk.",3.0,"Moderate.  The announcement could impact investor sentiment towards a major telecom provider, potentially affecting stock prices.  The webcast enhances this risk, allowing for potential scrutiny of financial strategies, and could open the door for coordinated market manipulation. However, it's not a high-risk scenario.",2.0,Low. This announcement isn't tied to the transportation industry.  It's a corporate event focused on financial matters.,1.0,6,"The news highlights a significant, high-profile event – a presentation by the CFO of a major financial institution. This presents a moderate risk due to the potential for market reaction, regulatory scrutiny, and reputational impact. The Technology sector (3.0) and Finance sector (4.0) are significantly higher risk, while the remaining sectors (Healthcare, Energy, Manufacturing, Transportation, Retail, and Real Estate) are relatively lower. The presentation itself could trigger volatility; however, the large financial institution involved mitigates this potential risk somewhat. The combination of a high-profile presentation and a major financial institution’s involvement warrants a moderate risk score, requiring careful monitoring."
JPMorganChase,786136,"JPMorganChase Files Form 10-Q for the Quarter Ended June 30, 2025",https://jpmorganchaseco.gcs-web.com/news-releases/news-release-details/jpmorganchase-files-form-10-q-quarter-ended-june-30-2025,2025-08-05T20:26:00+00:00,,"I am unable to provide a summary for the article at the provided link. The URL indicates it is for a JPMorgan Chase & Co. 10-Q filing for the quarter ended **June 30, 2025**.

As this date is in the future, the article does not yet exist and therefore cannot be accessed or summarized. Please double-check the link to ensure it refers to an already published report.","A delay in a 10-Q filing could impact agricultural yields, market prices, and supply chains. Agriculture is a crucial industry with significant implications for food security and global economies. A delay could negatively affect production costs and consumer prices. The news lacks detail but indicates a possible impact on agricultural output.",1.0,,,"The news is linked to a financial report (10-Q).  The energy sector is subject to regulatory changes and market fluctuations. While not immediately catastrophic, a delay in a critical report could affect investment decisions, project timelines, and overall market confidence in the energy industry.  It introduces a moderate risk of financial losses and decreased efficiency. The mention of a future date reinforces the need for vigilance and careful monitoring.",2.0,"The news relates to a regulatory filing (10-Q). JPMorgan Chase is a major financial institution.  A delay in the reporting process, particularly of this critical nature, introduces substantial risk to the company's financial stability and reputation. Regulatory scrutiny, potential fines, or legal action based on the delayed report could have severe financial and legal consequences.  It directly impacts investor confidence and market liquidity, creating a high-impact risk scenario.  The 'summary' component is particularly worrisome given the potentially sensitive and detailed content of the document.",5.0,"While a 10-Q filing isn’t inherently a healthcare-specific crisis, the news carries a risk of potential impact on a company's operations or product pipeline.  The Q2 2025 date signals potential future regulatory changes or operational shifts. A delay could negatively impact patient care, product development, or compliance. It’s a moderate risk, but the potential for a disruption to a business unit is present.  The news lacks specific details about the impact, making risk assessment more complex.",3.0,"A delay in a 10-Q filing could disrupt manufacturing processes, supply chains, and production schedules. It highlights a potential vulnerability to logistical issues and operational disruptions. The report likely contains critical operational data and may be vital for investor decision-making.  This creates a moderate risk, particularly if the report details key performance indicators or production forecasts.",3.0,"While not directly tied to a filing, a delay in a 10-Q could impact real estate investment and property valuations.  Real estate is inherently reliant on financial reporting and market trends.  A delay introduces uncertainty and potential financial risks. It's a lower risk, but still warrants monitoring, especially if the report contains details about property sales or market forecasts.",1.0,"A delay in a 10-Q filing could disrupt retail operations, supply chains, and consumer engagement. Retail is highly sensitive to regulatory changes and economic conditions.  A delay in reporting could lead to lost sales, decreased customer satisfaction, and reputational damage. A moderate risk, particularly if the report details sales trends or inventory levels.",2.0,"The news indicates a potential delay in a critical report. JPMorgan Chase’s 10-Q filings are crucial for investors and regulators, especially in the financial sector. A delay could significantly impact market confidence, investor sentiment, and potential regulatory scrutiny.  The nature of a 'summary' suggests a deeper analysis than a simple document update, raising a higher level of concern.  The mention of the Q2 2025 date emphasizes potential timeline disruption.  The potential for market impact is considerable, representing a significant risk for the company's stock price and reputation.",4.0,"A delay in a 10-Q filing could affect network performance, service delivery, and customer relationships. Telecommunications is vital for societal function, and delays can have significant financial and operational consequences.  The news suggests a potential disruption to service availability or data security.  Moderate risk, as network failures and data breaches can result in considerable losses.",2.0,"A delay in a 10-Q filing could affect transportation logistics, schedules, and operational efficiency. The news implies potential delays in shipments, maintenance, or overall performance.  This could have a noticeable effect on public transportation availability, consumer trust, and potential financial implications. Moderate risk, as disruptions to logistics can lead to significant consequences.",2.0,6,"The portfolio’s exposure to Technology (4.0) is significantly elevated, combined with a moderate level of risk across Finance (5.0), Healthcare (3.0), and Energy (2.0), reflecting a heightened vulnerability to technological disruption and macroeconomic pressures.  The Manufacturing, Transportation, and Retail sectors present moderate risks, while the remaining industries exhibit lower exposure, creating a balanced but moderately risky profile.  The high technology risk is driving the overall score, requiring careful monitoring and mitigation strategies."
