row_index,id,title,entity,entity_type,ticker,event_type,risk_score,justification,confidence,event_severity,num_sources,anomaly_factor,market_factor,volatility,leverage,liquidity,raw_score
0,002856d5a68f576a39f911a5f4f9116397cf2cc69574b2299fe464af837537c8,BNY gets licence for Saudi regional HQ as global banks grow presence - Reuters,,,BK,regulatory_action,1.19,"BNY's acquisition of a Saudi regional license validates compliance with local regulations, mitigating operational and legal risks associated with expanding into new markets.",0.9,0.7,1,1.0,0.8936,1.109,0.5,1.0,0.9532
1,02126cff8c6c89742198efbd3710b0d066097b462cff60ba5d21b8a319c09f0f,Moody’s and MSCI Partner for Private Credit Risk Modelling Tool - planadviser,,,BK,regulatory_action,1.88,"The partnership for creating a new credit risk model may prompt compliance adjustments under financial regulations, impacting the entity's operational framework.",0.9,0.7,1,1.5773502691896257,0.8936,1.109,0.5,1.0,1.5035
2,03fc0d93026da945e16cf6bcdeded87e03c5bee1d043ec6f2c70c330b4641bc1,Lending Stocks For Passive Income Made Possible by New eToro and BNY Launch - The Fintech Times,,,BK,counterparty_default,1.7,Investors holding these lending stocks face credit risks if underlying borrowers or issuaries default on their obligations.,0.9,1.0,1,1.0,0.8936,1.109,0.5,1.0,1.3617
2,03fc0d93026da945e16cf6bcdeded87e03c5bee1d043ec6f2c70c330b4641bc1,Lending Stocks For Passive Income Made Possible by New eToro and BNY Launch - The Fintech Times,,,BK,liquidity_stress,1.53,"The new product may lack sufficient market depth, causing difficulties in selling shares quickly during volatile periods without significant price impact.",0.9,0.9,1,1.0,0.8936,1.109,0.5,1.0,1.2255
3,05fd3f60e2c90710c3ffe74d45e18fa2dc6ba41fdcf7d82f9a96a5b9c4cd2989,PIMCO opens first Korean office in Jeonju to enhance national pension management - CHOSUNBIZ - Chosunbiz,,,BK,unknown_event,1.0,No specific event detected,0.9,0.1,1,1.0,0.8936,1.109,0.5,1.0,0.1362
4,0645a699996a4e923bfdc185ea09b486b70e48cf4d52b493f08e115a2ec08255,"Iran Told Trump It Wants Peace, Won’t Back Down Against Threats - Bloomberg.com",,,BK,sanctions_exposure,1.45,"Iran's defiant stance may escalate geopolitical tensions, increasing compliance risks and financial penalties for entities engaged in activities with Iranian markets or sanctioned assets.",0.9,0.85,1,1.0,0.8936,1.109,0.5,1.0,1.1574
5,07989d591ea3362a4454b42bf4c688e451dfc0bcdeb375387fe6ac2c82bc92d7,Major US banks dial down information sharing with OCC after email hack - Finextra Research,,,BK,liquidity_stress,1.53,The reduced information sharing may indicate heightened liquidity risk due to potential customer withdrawals or operational disruptions following a cybersecurity incident.,0.9,0.9,1,1.0,0.8936,1.109,0.5,1.0,1.2255
5,07989d591ea3362a4454b42bf4c688e451dfc0bcdeb375387fe6ac2c82bc92d7,Major US banks dial down information sharing with OCC after email hack - Finextra Research,,,BK,fraud_investigation,1.53,"An email-based hack suggests fraudulent activities, prompting internal/external investigations into the breach and associated risks.",0.9,0.9,1,1.0,0.8936,1.109,0.5,1.0,1.2255
6,1498cb698ed72d99cbcc7e600387bc2fc1e288e05b57f10084e532ded53a100c,BNY pilots first intraday triparty repo trade - Securities Finance Times,,,BK,unknown_event,1.0,No specific event detected,0.9,0.1,1,1.0,0.8936,1.109,0.5,1.0,0.1362
7,14ac92cdf6f3df1756c002013d0f8a3a937262ae30ebbab36a63116f2b6d76db,BNY obtains regional headquarters licence in Saudi Arabia - Securities Finance Times,,,BK,unknown_event,1.0,No specific event detected,0.9,0.1,1,1.0,0.8936,1.109,0.5,1.0,0.1362
8,1658850f65438ffedba657409b0e8ae9f275eeb84792cd626dd0ec05f17984b4,"Leadership in the Law: Fireside Chat with Kevin McCarthy, General Counsel of BNY - Mayer Brown",,,BK,unknown_event,1.0,No specific event detected,0.9,0.1,1,2.0,0.8936,1.109,0.5,1.0,0.2723
9,16edb2a508672fb927a66b2a76de435d8b545bb316d5430151f622a474c14f40,eToro expands relationship with BNY to launch stock lending programme enabling users to earn passive income - eToro,,,BK,counterparty_default,3.09,"eToro's expansion into stock lending introduces increased exposure to users defaulting on borrowed securities, representing a credit risk.",0.9,1.0,1,1.8164965809277263,0.8936,1.109,0.5,1.0,2.4735
0,1750754c935c898f4c16822bb32133b938906126322c6af81a038f876f1bcb10,"Who's Moving Where In Wealth Management? – Crescent Grove Advisors, PNC, Others - Family Wealth Report",,,BK,liquidity_stress,2.97,"The report indicates trends in asset allocation across firms like Crescent Grove Advisors and PNC, which could strain their liquidity if sudden withdrawals or redemptions occur due to market volatility.",0.9,0.9,1,1.9366490435726105,0.8936,1.109,0.5,1.0,2.3734
0,1750754c935c898f4c16822bb32133b938906126322c6af81a038f876f1bcb10,"Who's Moving Where In Wealth Management? – Crescent Grove Advisors, PNC, Others - Family Wealth Report",,,BK,counterparty_default,3.3,Exposure to entities such as Crescent Grove Advisors and PNC (if they default) poses counterparty risk for clients reallocating assets according to the report's trends.,0.9,1.0,1,1.9366490435726105,0.8936,1.109,0.5,1.0,2.6371
1,17e72e9aae6f8ce604c217e240f38834706d93ad1f9496bb688e2e17fa6b0143,"Hugo Hunte Obituary - Oviedo, FL - Dignity Memorial",,,BK,unknown_event,1.0,No specific event detected,0.9,0.1,1,1.9999999999999996,0.8936,1.109,0.5,1.0,0.2723
2,1a3efb43f4f9fc915841cfd4194e69abf9bcd8e0dc5b35e408dc87089b1108f3,BNY global communications head Garrett Marquis to exit - PRWeek,,,BK,unknown_event,1.0,No specific event detected,0.9,0.1,1,1.9079096132664701,0.8936,1.109,0.5,1.0,0.2598
3,1c6364daab6bef1d38b6e19a3a94322e925d25ca3e3d4cf5a663d19ffc22f03b,Circle Payments Network Unveiled: Here Is What You Need to Know - Binance,,,BK,regulatory_action,2.38,"The collaboration between Binance (regulated in Singapore) and Cypher may attract heightened scrutiny from global regulators concerned about anti-money laundering (AML) and Know Your Customer (KYC) compliance, leading to potential regulatory actions.",0.9,0.7,1,1.9944504685753266,0.8936,1.109,0.5,1.0,1.9011
3,1c6364daab6bef1d38b6e19a3a94322e925d25ca3e3d4cf5a663d19ffc22f03b,Circle Payments Network Unveiled: Here Is What You Need to Know - Binance,,,BK,operational_outage,2.04,"Integration of Cypher's payment system with Binance could result in technical challenges or temporary disruptions, impacting users' ability to conduct transactions smoothly during the transition period.",0.9,0.6,1,1.9944504685753266,0.8936,1.109,0.5,1.0,1.6295
4,20a068e6da29aa7bfa2ec5de3788ad37529e65e11065dc1c5b87d1eae2ac321b,Soter Holdings Appoints Curtis Arledge as Independent Director - citybiz,,,BK,unknown_event,1.0,No specific event detected,0.9,0.1,1,1.9999999999999996,0.8936,1.109,0.5,1.0,0.2723
5,2216c3a26ab7e95c4ceed826c22d83649535f8eb7301326c53c6f959f1bdd61e,Far-Right Bardella to Run for French President If Le Pen Barred - Bloomberg.com,,,BK,regulatory_action,2.25,"A change in French leadership (e.g., Bardella's election) might introduce new regulations affecting market operations and compliance for entities exposed to France's economic policies.",0.9,0.7,1,1.8887917119331528,0.8936,1.109,0.5,1.0,1.8004
5,2216c3a26ab7e95c4ceed826c22d83649535f8eb7301326c53c6f959f1bdd61e,Far-Right Bardella to Run for French President If Le Pen Barred - Bloomberg.com,,,BK,counterparty_default,3.21,Financial institutions backing Le Pen or Bardella could face defaults if their political alignment leads to reduced investor confidence or revenue streams.,0.9,1.0,1,1.8887917119331528,0.8936,1.109,0.5,1.0,2.572
6,231db3a1cf54bdeeb53b77c6687dbc96b20a88cd7f204b9315585df01e9e6f2c,"BNY launches blockchain data product, BlackRock first to utilize new digital asset tool - The Business Journals",,,BK,unknown_event,1.0,No specific event detected,0.9,0.1,1,1.73173379628617,0.8936,1.109,0.5,1.0,0.2358
7,24aa338bb614252baebc41b830d30d79cbf71cc0513e2f2be58e0382e2a4b485,Carnegie Science Center’s new Fab Lab lets you unleash your creativity - nextpittsburgh.com,,,BK,unknown_event,1.0,No specific event detected,0.9,0.1,1,1.9405914708969543,0.8936,1.109,0.5,1.0,0.2642
8,2963db76b5b1b6ad692b080809accf432ac82b1a680220db14c6a5da053a54a0,BNY ups in-office requirement to 4 days per week - Banking Dive,,,BK,unknown_event,1.0,No specific event detected,0.9,0.1,1,1.3414835603877395,0.8936,1.109,0.5,1.0,0.1827
9,29a6140f5dd3540b41746a8a9d95abc494366e1a98969a61eb3e08ba4edb9b91,BNY facilitates first intraday repo trade through triparty platform - The TRADE,,,BK,unknown_event,1.0,No specific event detected,0.9,0.1,1,1.924157456082423,0.8936,1.109,0.5,1.0,0.262
10,2baf5dd6dcdc15261f7ddcac244c6ef5c578a78df9c1545cd39f95f406b4a3f4,BNY partners with Sohar International to enhance custody and asset services in Oman - Global Custodian,,,BK,counterparty_default,2.35,"The partnership introduces BNY to Sohar International as a new counterparty, potentially exposing it to credit risk if Sofhar defaults on obligations.",0.9,1.0,1,1.3787929926063298,0.8936,1.109,0.5,1.0,1.8775
11,2c15e6c500d2584bbce33c4d2a0ec5177a1da6d7a9c1582555afbd97d4cda92d,"BNY, Samsung Next, and Fusion Fund Invest in Reality Defender - Reality Defender",,,BK,unknown_event,1.0,No specific event detected,0.9,0.1,1,1.924883202755029,0.8936,1.109,0.5,1.0,0.2621
12,2d31e78f2de44705862cdb95e10dff27fd6c36656e1e67ea79bdf4da6b991dc7,Major U.S. banks pause data sharing with this federal bureau after a cyberattack exposed sensitive information - Fast Company,,,BK,regulatory_action,2.3,"The cyberattack may prompt increased scrutiny from U.S. regulators, leading to potential compliance penalties or new data protection regulations for major banks.",0.9,0.7,1,1.9290673009635526,0.8936,1.109,0.5,1.0,1.8388
12,2d31e78f2de44705862cdb95e10dff27fd6c36656e1e67ea79bdf4da6b991dc7,Major U.S. banks pause data sharing with this federal bureau after a cyberattack exposed sensitive information - Fast Company,,,BK,fraud_investigation,2.96,Exposure of sensitive information due to the cyberattack could trigger investigations into fraudulent activities linked to compromised transactions or actors.,0.9,0.9,1,1.9290673009635526,0.8936,1.109,0.5,1.0,2.3641
13,2e3481800983beb08dbf5e5bdf0ffecdb4296fab3e8c40bc6fa6db9fc0d402e2,OCC takes stock of breach as some banks limit info sharing - Banking Dive,,,BK,regulatory_action,2.13,The OCC's investigation into the breach may result in enforcement actions against banks not complying with regulatory standards.,0.9,0.7,1,1.7881462195833953,0.8936,1.109,0.5,1.0,1.7044
13,2e3481800983beb08dbf5e5bdf0ffecdb4296fab3e8c40bc6fa6db9fc0d402e2,OCC takes stock of breach as some banks limit info sharing - Banking Dive,,,BK,fraud_investigation,2.74,"Data breaches typically prompt investigations to determine if fraudulent activities, such as phishing attacks, were involved.",0.9,0.9,1,1.7881462195833953,0.8936,1.109,0.5,1.0,2.1914
14,2f63007818708a015b25ee5a07fd30cfa193dd831a2fecbb20c49042e762f762,FOMO Pay Leverages BNY's Capability to Power GBP & EUR Cross-Border Payments - FOMO Pay,,,BK,unknown_event,1.0,No specific event detected,0.9,0.1,1,1.9776739048522631,0.8936,1.109,0.5,1.0,0.2693
15,31cc27e438b053697653eae7e27815863db8dab04c196a456485f550fa875e63,AI Agents and the Transformation of the Financial Industry - Fujitsu Global,,,BK,regulatory_action,2.0,"AI-driven transformations in finance, led by Fujitsu Global, may trigger regulatory scrutiny or new rules impacting other entities.",0.9,0.7,1,1.6760464242131587,0.8936,1.109,0.5,1.0,1.5976
16,32bc91538f830252fe87ed15fb86e8bc1183e98dc2b7cc0f403231e19a76e3d5,Spring 2025 Design Expo - University of Pittsburgh,,,BK,operational_outage,1.99,"The unknown entity may face operational disruptions if technical or logistical challenges prevent the Spring 2025 Design Expo from proceeding as planned, impacting financial commitments.",0.9,0.6,1,1.9454685972010801,0.8936,1.109,0.5,1.0,1.5895
16,32bc91538f830252fe87ed15fb86e8bc1183e98dc2b7cc0f403231e19a76e3d5,Spring 2025 Design Expo - University of Pittsburgh,,,BK,liquidity_stress,2.98,Organizers could encounter liquidity issues if ticket sales or sponsorship revenue falls short of covering upfront costs for hosting the event at the University of Pittsburgh.,0.9,0.9,1,1.9454685972010801,0.8936,1.109,0.5,1.0,2.3842
17,33d751a88479efdc5d945a18a2ed53479dde1fd0598650d741a831c9a8933f6e,"JPMorgan, BNY Limit Information Sharing With OCC After Hack - Bloomberg.com",,,BK,regulatory_action,2.13,"The bank faces increased regulatory scrutiny due to its restricted information sharing with OCC following a cybersecurity incident, potentially leading to compliance investigations or penalties.",0.9,0.7,1,1.7889217462614737,0.8936,1.109,0.5,1.0,1.7052
18,37c8777832efc7256adb9c9bdf587dfca9e96e552ffd6ddc3fa5bb9953752e8d,BlackRock to issue DLT shares in Treasury fund via BNY - ledgerinsights.com,,,BK,unknown_event,1.0,No specific event detected,0.9,0.1,1,1.7756347087128588,0.8936,1.109,0.5,1.0,0.2418
19,3ab48e9301c6ab63f673003c3404fef15dc9b05ecec07e089208420482d5d41b,BNY and BlackRock Bet Big on Blockchain’s Future - Disruption Banking,,,BK,regulatory_action,2.31,"The news indicates that BNY and BlackRock are investing in blockchain, which may attract increased regulatory scrutiny due to potential compliance risks under existing financial regulations.",0.9,0.7,1,1.941936275773116,0.8936,1.109,0.5,1.0,1.851
20,3cbda5720473e7ee8da945f7d0cc498650983c699bb4cd81e764f70fd7fc0066,Clarence Chan: Building Resilient Portfolios and Smarter Client Conversations for a New Era - Hubbis,,,BK,liquidity_stress,2.95,"The emphasis on 'Building Resilient Portfolios' implies preparation for market conditions causing client withdrawal pressures, indicating a liquidity stress scenario.",0.9,0.9,1,1.9289046755358474,0.8936,1.109,0.5,1.0,2.3639
21,3e3b65d9a6d989e2b233d26bec4289137d1c5a076176cda57079219c39b2065a,"BNY scales up its Asia Pacific offerings in cross-border payments,liquidity management and digital trade finance - The Asian Banker",,,BK,liquidity_stress,2.85,"Expanding cross-border payments and digital trade finance in Asia Pacific increases transactional volume and currency risks, potentially straining the entity's liquidity.",0.9,0.9,1,1.8597792066476124,0.8936,1.109,0.5,1.0,2.2792
21,3e3b65d9a6d989e2b233d26bec4289137d1c5a076176cda57079219c39b2065a,"BNY scales up its Asia Pacific offerings in cross-border payments,liquidity management and digital trade finance - The Asian Banker",,,BK,regulatory_action,2.22,"Entering diverse regulatory environments across Asia Pacific may expose the entity to compliance challenges, risking penalties or actions from local authorities.",0.9,0.7,1,1.8597792066476124,0.8936,1.109,0.5,1.0,1.7727
22,3e9879bd29697ba049b6b2db4c3f998b15a1e97b8c1b3519cec8b171e76434e0,A&O Shearman’s Great Partner Exodus - LawFuel,,,BK,unknown_event,1.0,No specific event detected,0.9,0.1,1,1.9914342193593222,0.8936,1.109,0.5,1.0,0.2712
23,3eae2987661ab93e5762e457a12359446d36a5554bd8d1f61ed0a0699eaec91a,UK digital asset exchange Archax expands to US with acquisition - ledgerinsights.com,,,BK,merger_acquisition,1.0,"The news mentions Archax expanding into the US through an acquisition, which is a direct example of a merger or acquisition event impacting the entity's strategic and financial risk profile.",0.9,0.2,1,1.6119939737065208,0.8936,1.109,0.5,1.0,0.439
24,42c7c82c48516fb2b3142e20a5ff7541dfb776e7d21ceb6c97e729382ff472f4,BNY’s investment and wealth management AUM stays flat year-over-year - Pensions & Investments,,,BK,liquidity_stress,2.75,"Flat year-over-year AUM may indicate reduced client inflows or heightened withdrawal demands, straining the bank's short-term liquidity.",0.9,0.9,1,1.794940828053845,0.8936,1.109,0.5,1.0,2.1997
25,44679c5e374985b8b66b59d7d289b314f7de6093674895783c1163e7b0c3a1e0,Sohar International teams up with BNY to strengthen investment services in Oman - IBS Intelligence,,,BK,unknown_event,1.0,No specific event detected,0.9,0.1,1,1.3573494224543774,0.8936,1.109,0.5,1.0,0.1848
26,49147b453b6821953b74e8899c62b2297af148ba8465258e1998f6938efcfdf6,eToro Joins Robinhood in Stock Lending Arena with New Feature for European Investors - TradingView,,,BK,regulatory_action,1.55,"The launch of stock lending for European investors may require adherence to EU regulations (e.g., MiFID II), potentially leading to regulatory scrutiny or actions if compliance is not ensured.",0.9,0.7,1,1.298014290856428,0.8936,1.109,0.5,1.0,1.2373
27,49eb185e5303f12318927e8baee6431541267c9cff7362aef07b39a9f8176118,Report: OCC Hack Prompts Information Sharing Limits From Big Banks - PYMNTS.com,,,BK,liquidity_stress,2.9,"The OCC hack has forced major banks to restrict information sharing, potentially straining liquidity as they adapt to heightened operational risks and compliance challenges.",0.9,0.9,1,1.8939698989963634,0.8936,1.109,0.5,1.0,2.3211
28,4a7e0e6411a59773db6425c3a7170447ed59d04f84885e634ff802573e3e9bd4,TRUMP Token Price Tanks 5% as $24M Tokens Shifted to CEXs Ahead of Trump Dinner - Coinspeaker,,,BK,liquidity_stress,2.92,"The mass transfer of $24M tokens to exchanges ahead of a high-profile event increases trading volume, potentially straining liquidity and triggering automated sell orders that contribute to the observed price decline.",0.9,0.9,1,1.9088660061690343,0.8936,1.109,0.5,1.0,2.3394
29,4b2e036822bca6e3d42680a427fb88782dae1980eca140a978c1e4a06d469dd1,Top U.S. Banks Embrace Technology to Enhance Operational Efficiency in Q1 2025 - The National CIO Review,,,BK,unknown_event,1.0,No specific event detected,0.9,0.1,1,1.9450136097720114,0.8936,1.109,0.5,1.0,0.2649
30,4bed3372d87a869eed9b6346b3256842f1eb9069c5fc0839c7b634ad99741bfd,Alter Domus adds two senior hires - Asset Servicing Times,,,BK,counterparty_default,3.28,"The hires in Asset Servicing suggest enhanced management of counterparties, potentially reducing defaults and associated credit risks.",0.9,1.0,1,1.9264342037180615,0.8936,1.109,0.5,1.0,2.6232
31,4c55fdcee46f4da19a695e7ccb2c0cecacb7f5536abd1b30aec36faab9b59319,Funds built to stand the test of time - Interactive Investor,,,BK,unknown_event,1.0,No specific event detected,0.9,0.1,1,1.990165813482779,0.8936,1.109,0.5,1.0,0.271
32,4fd09e725d3cfbd93f374a89ecd57463552a30a8e1423058eb980152a9d3a72a,"Fannie Mae, BNY Accused of Inflating Rates on Loan Foreclosures - Bloomberg.com",,,BK,regulatory_action,2.22,"The accusation implies potential regulatory scrutiny, investigations, or penalties for rate inflations on loan foreclosures impacting financial compliance.",0.9,0.7,1,1.8652396989240674,0.8936,1.109,0.5,1.0,1.7779
33,541743bf7a45d90bef557ce2317c809c94dca3758be9a535bd629a450066449b,"Pune among fastest-growing job markets, sees 39% YoY increase - ETHRWorld.com",,,BK,liquidity_stress,2.86,"The rapid job growth could increase economic activity, potentially straining financial institutions' liquidity through heightened transactional demands.",0.9,0.9,1,1.8668372056828386,0.8936,1.109,0.5,1.0,2.2879
34,544de0363a3a05c43852966c97ed93174db3c7734d646ef070c6043f59a8358c,Optimizing Private Credit & CLO Operations for Efficiency - BNY,,,BK,liquidity_stress,3.02,"Optimizing operations for efficiency may involve reducing liquidity buffers or increasing exposure to illiquid assets, heightening the bank's vulnerability to sudden cash outflows.",0.9,0.9,1,1.973191623245786,0.8936,1.109,0.5,1.0,2.4182
35,59606eb7e8c8c0026d945f3df21bab33eb0a94c24f5d548ee467c9fb80a5dfe7,Trump’s Attacks on the Fed and Powell Will Have Unintended Consequences - Barron's,,,BK,liquidity_stress,2.69,"Trump's attacks on the Fed could heighten market uncertainty, prompting capital outflows and reduced liquidity as investors seek safer assets.",0.9,0.9,1,1.7530102765184234,0.8936,1.109,0.5,1.0,2.1484
36,5f10e3da89787447939c83a1d7c22f418a34e113b0063cb1d2a2723dd6cafe12,Euan Munro exits CEO role at Newton IM - PA Adviser,,,BK,unknown_event,1.0,No specific event detected,0.9,0.1,1,1.879582752210231,0.8936,1.109,0.5,1.0,0.2559
37,61d41502e599b8db9e833df34546406e5bc78dc355569b0f99edeb1e1794ef6d,Month-end Rebalancing Analysis: March - BNY,,,BK,liquidity_stress,3.02,"Month-end rebalancing may require asset sales during a period of heightened withdrawal activity, straining liquidity for 'Unknown' (assumed to be a financial entity).",0.9,0.9,1,1.9715294152547824,0.8936,1.109,0.5,1.0,2.4162
38,624156862ab873ef4538759f7441c0f15c808df39d2d9092609ce4a4712518f1,Spain’s Cecabank starts up in Luxembourg - Luxembourg Times,,,BK,unknown_event,1.0,No specific event detected,0.9,0.1,1,1.9999999999999996,0.8936,1.109,0.5,1.0,0.2723
39,6a5a240007debcaf59461ed2d6b61fab5339749cc4608ed7491920f12fdd4d1c,"Fresh debt from JPMorgan, Morgan Stanley draws warm reception from investors in hopeful sign - MarketWatch",,,BK,capital_raise,1.01,"The entity issued fresh debt to raise capital, impacting its leverage and financial structure.",0.9,0.3,1,1.9744917398390234,0.8936,1.109,0.5,1.0,0.8066
0,6b0239a16c76b524fbcab3399c6c65a61aac301fc69c442b20a4f5e1cc34af99,iFlow | Short Thoughts | The Fed Slows Quantitative Tightening - BNY,,,BK,unknown_event,1.0,No specific event detected,0.9,0.1,1,1.792851257182555,0.8936,1.109,0.5,1.0,0.2441
1,6e48c0c7d072e8d943b069b46a53a8dd638fff6d5689b4cba581fbd7095b11d9,America's oldest bank looks to Japan amid global uncertainty - Nikkei Asia,,,BK,merger_acquisition,1.0,"The bank may pursue strategic mergers or acquisitions in Japan to stabilize growth and mitigate risks amid global uncertainty, leveraging regional stability.",0.9,0.2,1,1.9329561471151617,0.8936,1.109,0.5,1.0,0.5264
2,70605fc29ad5eff4b17d37aa621437e7ccaeb6a69f5a47441f34e4dce6950f83,"Texas court affirms breach in mortgage deal, trims BNY Mellon's $1.3 million liability - mpamag.com",,,BK,counterparty_default,3.08,"The court's confirmation of a breach in mortgage deal terms directly impacts BNY Mellon's financial obligations, reducing its liability by $1.3 million.",0.9,1.0,1,1.8107392889854692,0.8936,1.109,0.5,1.0,2.4657
3,72a5d14303005084c6b0c3314ad6eda1fb49a4d6d874136d88919a4031f77534,Not salary or work. Techie shares the delicious reason why he goes to office every day without fail - The Economic Times,,,BK,unknown_event,1.0,No justification provided,0.9,0.1,1,1.8551056501232503,0.8936,1.109,0.5,1.0,0.2526
4,7315912f9406e219858e0d9210514a9ee235a711115aebff7e7c82a67439a0d2,BNY asks employees to return to office four days a week by September - Reuters,,,BK,unknown_event,1.0,No specific event detected,0.9,0.1,1,1.5868271889792407,0.8936,1.109,0.5,1.0,0.2161
5,74a657f9152574a07ebe05be53dfe1966d29d582412d5bfedf117f7ac39d7f5c,BNY pilots first intraday repo trade settled through its triparty infrastructure - FX News Group,,,BK,unknown_event,1.0,No specific event detected,0.9,0.1,1,1.8514032988995073,0.8936,1.109,0.5,1.0,0.2521
6,7c08a93dea77e2e9f319014316fa6fc40882fcc032fcc43fb3308bab2184ea9e,"Reality Defender Announces Strategic Investments from BNY, Samsung Next, and Fusion Fund - PR Newswire",,,BK,counterparty_default,3.18,The news does not mention any counterparty default or financial issues with another entity involved in the investment.,0.9,1.0,1,1.8701524266725347,0.8936,1.109,0.5,1.0,2.5466
6,7c08a93dea77e2e9f319014316fa6fc40882fcc032fcc43fb3308bab2184ea9e,"Reality Defender Announces Strategic Investments from BNY, Samsung Next, and Fusion Fund - PR Newswire",,,BK,liquidity_stress,2.86,The bank faces sudden withdrawals causing liquidity stress.,0.9,0.9,1,1.8701524266725347,0.8936,1.109,0.5,1.0,2.2919
7,7d4b5d73b35d8925cee92bee2128b48e94415b987332c2cc526f967cc8b77b75,Market concentration rarely lasts. - BNY,,,BK,liquidity stress,1.0,"The news summary suggests that high market concentration may lead to systemic risks, such as reduced diversity and increased counterparty exposure, potentially straining liquidity for all involved entities including BNY. 'BNY' could be particularly affected if major concentrated players face financial challenges or regulatory changes.",0.9,0.1,1,1.434912640513006,0.8936,1.109,0.5,1.0,0.1954
8,7ef6aa02edf9ace24a48883c59819902beb249b9151879c1b1f9d2fc648aa720,ETF Prime: Chang Highlights 5 Notable ETF Launches - ETF Trends,,,BK,unknown_event,1.0,No specific event detected,0.9,0.1,1,1.94046722074295,0.8936,1.109,0.5,1.0,0.2642
9,7ff424404a7935cf7d5bbd17c130d4ff2ac29d17ddddeddd8f72116c1879f4cf,Chainalysis Recognizes Customer Excellence at Links NYC - Chainalysis,,,BK,unknown_event,1.0,No specific event detected,0.9,0.1,1,1.940467220742951,0.8936,1.109,0.5,1.0,0.2642
10,80aad7a935fdfc14e4266460ea5256b4bbef1cc35f9d1027ad2b1457061b87d3,IFG Names Kevin M. Keefe President And COO To Enhance Growth - Wealth Solutions Report,,,BK,counterparty_default,3.24,Potential default by the counterparty represents a significant financial risk to the company.,0.9,1.0,1,1.9053944807677574,0.8936,1.109,0.5,1.0,2.5946
10,80aad7a935fdfc14e4266460ea5256b4bbef1cc35f9d1027ad2b1457061b87d3,IFG Names Kevin M. Keefe President And COO To Enhance Growth - Wealth Solutions Report,,,BK,liquidity_stress,2.92,"The bank is experiencing a liquidity shortfall due to large, unplanned withdrawals or demands for payment from its customers and other parties.",0.9,0.9,1,1.9053944807677574,0.8936,1.109,0.5,1.0,2.3351
10,80aad7a935fdfc14e4266460ea5256b4bbef1cc35f9d1027ad2b1457061b87d3,IFG Names Kevin M. Keefe President And COO To Enhance Growth - Wealth Solutions Report,,,BK,credit_downgrade,2.59,A credit downgrade of one of the company’s major counter-parties could have an impact on financial results by increasing default risk exposure.,0.9,0.8,1,1.9053944807677574,0.8936,1.109,0.5,1.0,2.0757
10,80aad7a935fdfc14e4266460ea5256b4bbef1cc35f9d1027ad2b1457061b87d3,IFG Names Kevin M. Keefe President And COO To Enhance Growth - Wealth Solutions Report,,,BK,regulatory_action,2.27,"The bank may be subject to new or existing government regulations that can affect its operations and bottom line in terms of fines, penalties, or other changes to business practices and policies.",0.9,0.7,1,1.9053944807677574,0.8936,1.109,0.5,1.0,1.8162
10,80aad7a935fdfc14e4266460ea5256b4bbef1cc35f9d1027ad2b1457061b87d3,IFG Names Kevin M. Keefe President And COO To Enhance Growth - Wealth Solutions Report,,,BK,fraud_investigation,2.92,A financial investigation into the company by a regulatory body could result in potential losses if any illegal activities are found which would have an impact on its overall results and reputation.,0.9,0.9,1,1.9053944807677574,0.8936,1.109,0.5,1.0,2.3351
10,80aad7a935fdfc14e4266460ea5256b4bbef1cc35f9d1027ad2b1457061b87d3,IFG Names Kevin M. Keefe President And COO To Enhance Growth - Wealth Solutions Report,,,BK,sanctions_exposure,2.76,"The bank may be subject to increased economic or political sanctions that can affect business operations, for example through the loss of key customers or markets as a result of current trade embargos or other financial restrictions being placed upon it by its government(s) and/or third parties.",0.9,0.85,1,1.9053944807677574,0.8936,1.109,0.5,1.0,2.2054
10,80aad7a935fdfc14e4266460ea5256b4bbef1cc35f9d1027ad2b1457061b87d3,IFG Names Kevin M. Keefe President And COO To Enhance Growth - Wealth Solutions Report,,,BK,operational_outage,1.95,"The inability to meet customer needs due to an extended system breakdown, natural disaster such as power loss could have significant impact on the company’s bottom line in terms of lost business or other financial impacts.  This may also include data security issues that can result from a major operational outage which would affect its overall results and reputation.",0.9,0.6,1,1.9053944807677574,0.8936,1.109,0.5,1.0,1.5567
11,8325e468446e0636ec5ba1ffa5c2307330a20304ac381bf72ad62e7a2cb66d23,House Republicans Draft Cuts to Federal Employee Pensions - plansponsor,,,BK,counterparty_default,3.3,"The proposed pension cuts could strain the financial stability of companies that sponsor federal employee benefits, increasing their risk of default on related obligations.",0.9,1.0,1,1.94046722074295,0.8936,1.109,0.5,1.0,2.6423
11,8325e468446e0636ec5ba1ffa5c2307330a20304ac381bf72ad62e7a2cb66d23,House Republicans Draft Cuts to Federal Employee Pensions - plansponsor,,,BK,regulatory_action,2.31,"The draft changes may introduce new regulations or significantly alter existing ones for benefit plans, directly impacting their operations and compliance requirements.",0.9,0.7,1,1.94046722074295,0.8936,1.109,0.5,1.0,1.8496
12,847ecde5ba2bf538b1b746d253a2149e00ccb02cf88cb1f97612afa41781d9e0,Pittsburgh’s office market slows as tenants delay decisions amid rising costs - post-gazette.com,,,BK,unknown_event,1.0,No specific event detected,0.9,0.1,1,1.645148711451367,0.8936,1.109,0.5,1.0,0.224
13,8513c8870ed071a698fea9ca2e5e45e5f976ebc33d85bed1ae15565156c6f80c,"Homeowners sue Fannie Mae, BNY over inflated foreclosure costs - mpamag.com",,,BK,unknown_event,1.0,No specific event detected,0.9,0.1,1,1.7832319714377904,0.8936,1.109,0.5,1.0,0.2428
14,86abb1c3a210c9a2e22ca80880e964da0d663c8e33801b7a72e498287f07a68f,eToro partners with BNY to launch stock lending programme - FStech,,,BK,unknown_event,1.0,No specific event detected,0.9,0.1,1,1.3917377496703427,0.8936,1.109,0.5,1.0,0.1895
15,87da4302e1e6ef3e0f4166eb35e03d90aed9e4e740862d17a340553b849c337a,Defaqto reveals top 10 recommended Multi-Asset investment solutions in Q1 2025 - IFA Magazine,,,BK,unknown_event,1.0,No specific event detected,0.9,0.1,1,1.8071213484568514,0.8936,1.109,0.5,1.0,0.2461
16,88fa5a084b6aa6eac5cc0c33af4ad8cbadb72e5fd957e6327549e25051bcc0e4,"Morgan Stanley, JPMorgan Lead $16.5 Billion Bank Borrowing Spree - Bloomberg.com",,,BK,unknown_event,1.0,No specific event detected,0.9,0.1,1,1.7400443963325314,0.8936,1.109,0.5,1.0,0.2369
17,89c1ad9d28aa4b4a0dbe2dddccd7c312587e3183b3e403800b5559c45c09f981,BlackRock Files for Digital Shares in $150 Million Money Market Fund to Use Blockchain Tech - CryptoNinjas,,,BK,unknown_event,1.0,No specific event detected,0.9,0.1,1,1.0,0.8936,1.109,0.5,1.0,0.1362
18,8a31c98849a90e61805a59f4cf7b1b5b8577f549ce5ad3953a40519d28d359b5,Treasuries at Risk of Foreign Buyer Strike in Tariff Retaliation - Bloomberg.com,,,BK,unknown_event,1.0,No specific event detected,0.9,0.1,1,1.6928468995249917,0.8936,1.109,0.5,1.0,0.2305
19,8a8d84cc23358f0f19a8e0607859e67d93801c9df0217bf93e5bef5fc8ed6e44,Providing Asia’s EAMs With Heavy-Hitting Support – BNY Pershing - Wealth Briefing Asia,,,BK,unknown_event,1.0,No specific event detected,0.9,0.1,1,1.9604419253067809,0.8936,1.109,0.5,1.0,0.267
20,8aa4f4c8b14a2b115947bf6f0f3c47160ffd0146081432a88f2c4ec2c9d99026,BNY enjoys record quarter but sees tariff trouble ahead - American Banker,,,BK,unknown_event,1.0,No specific event detected,0.9,0.1,1,1.9292087807754106,0.8936,1.109,0.5,1.0,0.2627
21,8bffad24a7f1276746bb1cb99fbd183ca466d7f75e13953e3e4a99ef368bb6ac,BlackRock files to offer tokenized shares of its $150 billion Treasury Trust fund via BNY Mellon - The Block,,,BK,unknown_event,1.0,No specific event detected,0.9,0.1,1,1.082198858290547,0.8936,1.109,0.5,1.0,0.1474
22,8c99e5bd72729f037e0aab5e383952477bf501da173e283a30e0fff3d13ee469,Crossing the $3 trillion threshold - Global Custodian,,,BK,unknown_event,1.0,No specific event detected,0.9,0.1,1,1.929955252486515,0.8936,1.109,0.5,1.0,0.2628
23,8d55b2c8cb7e8886c58c81643555e74c697c7302470c42f0e563dd1875d75b57,"BNY, iCapital, Nasdaq, S&P Invest in Digital Asset - Markets Media",,,BK,unknown_event,1.0,No specific event detected,0.9,0.1,1,1.8708657759721126,0.8936,1.109,0.5,1.0,0.2548
24,8f6178b594dee84003726a90d5bba3b4230be2fcfee8a688cdd0905e540abe2d,"Banks Pull Back After OCC Hack, Now the Regulator Is Rethinking Security - The National CIO Review",,,BK,unknown_event,1.0,No specific event detected,0.9,0.1,1,2.0,0.8936,1.109,0.5,1.0,0.2723
25,90343b1d80e81dea27ced12c41e600473c7168fd14e60bcb6a42508edcc21e8a,Coinbase and traditional financial firms poised to benefit from US stablecoin legislation - CryptoSlate,,,BK,unknown_event,1.0,No specific event detected,0.9,0.1,1,1.2916450277852274,0.8936,1.109,0.5,1.0,0.1759
26,90a2f24dcbd8af42cf12e42c2311dcac800918aaa9ebe03cabdfefd0500ade8a,Korean banks to launch joint stablecoin - ledgerinsights.com,,,BK,unknown_event,1.0,No specific event detected,0.9,0.1,1,1.9537796125524913,0.8936,1.109,0.5,1.0,0.266
27,9188091c77e7c03035996b4b65ce1d6d9520806c93a13db049e25aea74202d11,"Charles A. Johnson, 39, formerly of Northborough | Obituaries - communityadvocate.com",,,BK,unknown_event,1.0,No specific event detected,0.9,0.1,1,1.8485758395816818,0.8936,1.109,0.5,1.0,0.2517
28,95eb60c40d11b13a8ba88344daa6698dbac4419c9e252024effff61986de2c96,BNY calls workers back to the office 4 days a week. See the memo. - Business Insider,,,BK,unknown_event,1.0,No specific event detected,0.9,0.1,1,1.5173640640167445,0.8936,1.109,0.5,1.0,0.2066
29,97aa3ebc3249a8e1d1354efc83b97fbd3f5d364f96f26ed2f3cbf6296ef37550,ISO 20022: The current view - Euromoney,,,BK,unknown_event,1.0,No specific event detected,0.9,0.1,1,1.94046722074295,0.8936,1.109,0.5,1.0,0.2642
30,98422d65bda3f5316395674ce108b4fd512342b2f977f1509501ed3f4c0b69c6,BNY Mellon secures regional headquarters license in Saudi Arabia - Citywire,,,BK,unknown_event,1.0,No specific event detected,0.9,0.1,1,1.2726206385125032,0.8936,1.109,0.5,1.0,0.1733
31,9959767c90487de7c755172d17c846e92388d7c65d9ac108245ff5b3c74c9dc2,Missing NYC banker Grant Barr washes up dead on Spanish beach in heartbreaking twist for family - New York Post,,,BK,unknown_event,1.0,No specific event detected,0.9,0.1,1,1.667919895194217,0.8936,1.109,0.5,1.0,0.2271
32,9c1d1806684b8d06816512f08d6bf66deb93a6ab088f40562be9e1e0a7b72f51,Foreign investors are selling more Treasurys. That’s bad news for U.S. borrowers. - MarketWatch,,,BK,unknown_event,1.0,No specific event detected,0.9,0.1,1,1.5411605316808759,0.8936,1.109,0.5,1.0,0.2099
33,9c21c78323551fa73c4d26c57117d2232c909468e642999d88685d462bfd938a,What Investors Actually Want From Their Advisors - wealthmanagement.com,,,BK,unknown_event,1.0,No specific event detected,0.9,0.1,1,1.7837352840155694,0.8936,1.109,0.5,1.0,0.2429
34,9d81371f8fc6ff1a3ab4be0e3ba8daa5a0bcaa846c34da78ccb77e75e0344eda,"Orlando leads nation in job growth, outpacing other major US regions - The Business Journals",,,BK,unknown_event,1.0,No specific event detected,0.9,0.1,1,1.987956164029229,0.8936,1.109,0.5,1.0,0.2707
35,9dfda910763d67de6e42a32363e1fb5216d4b59944bae117978ddba713726d02,Bank Stocks Slammed as Tariffs Drive Recession Fears - Morningstar,,,BK,unknown_event,1.0,No specific event detected,0.9,0.1,1,1.8617420736869024,0.8936,1.109,0.5,1.0,0.2535
36,9e683e187e07a6a145f6da662c51bc69cb31084ed9bb345623e3950d8fd52cc2,DHF: Risks Are Too Great For A Contrarian Purchase (DHF) - Seeking Alpha,,,BK,unknown_event,1.0,No specific event detected,0.9,0.1,1,1.940467220742951,0.8936,1.109,0.5,1.0,0.2642
37,9f24c4f573db12361509d63f2faab740714036117fd4bd4ef5a82d4378bfc70d,Goldman Sachs Thinks These Stocks Are ‘Insulated’ From a Trade War - Barron's,Goldman Sachs,ORG,BK,unknown_event,1.0,No specific event detected,0.9,0.1,1,1.8907309230014038,0.8936,1.109,0.5,1.0,0.2575
38,9f25a639cdc011f75744d8907353c456144a85635adc51f7f403a01e1372a8b6,BNY Expands Digital Asset Platform with Launch of Innovative On-Chain Offering - Hubbis,,,BK,unknown_event,1.0,No specific event detected,0.9,0.1,1,1.8430190445713652,0.8936,1.109,0.5,1.0,0.251
39,a0b492ac5eeb2e257a1520b0ea3655d91234424b6b78b07de6cc8a8f4407d935,"BNY selling building on Greenwich's Mason Street, closing private bank branch - ctpost.com",,,BK,unknown_event,1.0,No specific event detected,0.9,0.1,1,1.8179661190590188,0.8936,1.109,0.5,1.0,0.2476
40,a2d7ce2f73aafdaa5660cecefdd95056238f4addcee234e07f408479b3971f6d,"USD: Weak Dollar Is a Buy for Long-Horizon Investors, BNY Says - Bloomberg.com",,,BK,unknown_event,1.0,No specific event detected,0.9,0.1,1,1.648770600914463,0.8936,1.109,0.5,1.0,0.2245
41,a584ef80baf878ef46ed884b2dec66753d14f7b02a13a55066282a0c0d3afec8,Ethereum’s $150B BlackRock Deal: A Game-Changer for Crypto - CryptoRank,,,BK,unknown_event,1.0,No specific event detected,0.9,0.1,1,1.940467220742951,0.8936,1.109,0.5,1.0,0.2642
42,a61976f038978a6ae981c85a870f0a7d0fd25ad136db0e395e9e8e0790153d8a,BNY Is Changing The Game For Crypto Accounting - Forbes,,,BK,unknown_event,1.0,No specific event detected,0.9,0.1,1,1.9149708234539258,0.8936,1.109,0.5,1.0,0.2608
43,a9052336e2c2d8f8c23956061212964150db26cd654ab02d802609bed5eb8fec,How eToro’s Stock Lending Feature Will Unlock Passive Income - FinTech Magazine,,,BK,unknown_event,1.0,No specific event detected,0.9,0.1,1,1.9052814922487213,0.8936,1.109,0.5,1.0,0.2594
44,a9424f08667a54d18883c967a81545d5deb0d7514905033fb9690b453fed52b1,Forensics at scene as police tape off Manchester office block - manchestereveningnews.co.uk,,,BK,unknown_event,1.0,No specific event detected,0.9,0.1,1,1.9491911201363896,0.8936,1.109,0.5,1.0,0.2654
45,ad0cd6673b25543e513de21e866b074d6c14069274fa605014a43c48eea94bb3,"BlackRock, BNY Set to Offer New Blockchain-Based Share Class - ETF.com",,,BK,unknown_event,1.0,No specific event detected,0.9,0.1,1,1.5951044637275462,0.8936,1.109,0.5,1.0,0.2172
46,af4a4f6c24591920ef6f24d435ad156e88aadb4e679358d978d4994e5c9df3ac,Trump’s Attacks on the Fed and Powell Will Have Unintended Consequences - Barron's,,,BK,unknown_event,1.0,No specific event detected,0.9,0.1,1,1.6524960022849946,0.8936,1.109,0.5,1.0,0.225
47,afe24f0472e7f7a5978cadf1eef709236906c7ba648f4d5127f1a8ba12f3dc01,Agentic AI: The Rise Of Autonomous Decisions In The Financial Industry - Forbes,,,BK,unknown_event,1.0,No specific event detected,0.9,0.1,1,1.2712757263847099,0.8936,1.109,0.5,1.0,0.1731
48,b3ec173a14ec2248d252d1e6fcbd6a5f91880990f9021ebd599c6759a7ee78fe,"CHARLES JOHNSON Obituary (1985 - 2025) - North Andover, MA - Boston Globe - Legacy | Obituary",,,BK,unknown_event,1.0,No specific event detected,0.9,0.1,1,1.920751967623512,0.8936,1.109,0.5,1.0,0.2615
49,b5a65312978befa2afa8eeab9e2830f335ec52c91cdb9d304414d75da6fdcd42,"‘Positive momentum’ | BNY mandates four-day return-to-office, but rules out full RTO (for now) - HR Grapevine",,,BK,unknown_event,1.0,No specific event detected,0.9,0.1,1,1.783484814113641,0.8936,1.109,0.5,1.0,0.2429
50,b5b7681bdf9bd816d88614dcfe07886c740fe8d5e2e1ecc38cb936ef691f0177,DTCC names Talia Klein its Head of Wealth Management Services - FX News Group,,,BK,unknown_event,1.0,No specific event detected,0.9,0.1,1,1.8684589839770842,0.8936,1.109,0.5,1.0,0.2544
51,b6b458a025680230e756293a8e2575bf7ae961e23285f328d88fd5513f07b402,eToro to launch stock lending programme - Securities Finance Times,,,BK,unknown_event,1.0,No specific event detected,0.9,0.1,1,1.8367795372909885,0.8936,1.109,0.5,1.0,0.2501
52,b84d6844b58744d6fd998f72e057f72778ad9e25a0ac3a57bbf2f9a82e1cb286,Is Weak Consumer Sentiment a Contrarian Signal? - BNY,,,BK,unknown_event,1.0,No specific event detected,0.9,0.1,1,1.9204033885794045,0.8936,1.109,0.5,1.0,0.2615
53,badf34cf47e3a510974b328f9caf9ee06b2d74c6fb5e04e8377056e1005f756a,Wexford TD criticises Government response to BNY Mellon workers - southeastradio.ie,,,BK,unknown_event,1.0,No specific event detected,0.9,0.1,1,1.8550945489686148,0.8936,1.109,0.5,1.0,0.2526
54,bbdab2e21c095b12bda1d5b6f1f2b5cf03f872dbfcb65d2983f65ec7ea48694d,Amy E. Dwyer-Shute - crainscleveland.com,,,BK,unknown_event,1.0,No specific event detected,0.9,0.1,1,1.8120091096596855,0.8936,1.109,0.5,1.0,0.2467
55,c290b7e3e2bef5d1a72df56809ff3e1809c549e6affc7633fca413f6358fdeb1,Data Share: The Next Level in Data Management - BNY,,,BK,unknown_event,1.0,No specific event detected,0.9,0.1,1,1.9387575766588432,0.8936,1.109,0.5,1.0,0.264
56,c4351d9af1191b5148deb1259498161717bae9cba8f833084cd3a5df9465ad4a,BNY transforms compliance monitoring with Behavox Quantum AI - FinTech Global,,,BK,unknown_event,1.0,No specific event detected,0.9,0.1,1,1.9060731350983273,0.8936,1.109,0.5,1.0,0.2595
57,c54683cf3482032f8989bdbb4e67987af8691c5cd69b73f1be898739acab5ba8,ClearToken makes its case for becoming the CLS of digital assets - ledgerinsights.com,,,BK,unknown_event,1.0,No specific event detected,0.9,0.1,1,1.6976334998042732,0.8936,1.109,0.5,1.0,0.2312
58,c71cac17f96a88c2101f8bf84854726bc36f072d1fbba55d2392f39800aefb28,iFlow | Investor Trends | The biggest rotation plays: Where is the peak? - BNY,,,BK,unknown_event,1.0,No specific event detected,0.9,0.1,1,1.8897291701069765,0.8936,1.109,0.5,1.0,0.2573
59,c78588d7083fdf7a2d83f555c053729510a90127c46f21c079861318d4b2d73b,Banks on deck for quarterly earnings amid tariffs mayhem: Live coverage - American Banker,,,BK,unknown_event,1.0,No specific event detected,0.9,0.1,1,1.9632107552029217,0.8936,1.109,0.5,1.0,0.2673
60,cb4e57779296c57a6d4dfa17bbd653050268b6288ee57c0fffba6177f6e756a8,"Can Trump Fire Powell? He Says He Won’t, But His Fed Battle May Not Be Over. - The New York Times",,,BK,unknown_event,1.0,No specific event detected,0.9,0.1,1,1.0942418293991407,0.8936,1.109,0.5,1.0,0.149
61,cb6dee1cb0de7357ea22ae964e8474ce44206d7e49fa7c758e0fc648f8a1f384,BNY Mellon expands office presence requirement to four days a week starting September - HR Katha,,,BK,unknown_event,1.0,No specific event detected,0.9,0.1,1,1.5488932528317854,0.8936,1.109,0.5,1.0,0.2109
62,ce650a5ee5c19b03ac94d293f9488afc6c4b3e2741c476acdd7698b86da6a754,Sohar International Partners with BNY to Boost Oman’s Financial Sector - intlbm,,,BK,unknown_event,1.0,No specific event detected,0.9,0.1,1,1.050863811836928,0.8936,1.109,0.5,1.0,0.1431
63,cf4f12e57b9c104963b51f7b361985d409bed7d2c281d163d5c0c48eed140561,"BNY reports 21% profit surge, CEO talks AI and digital initiatives - The Business Journals",,,BK,unknown_event,1.0,No specific event detected,0.9,0.1,1,1.8537696418800769,0.8936,1.109,0.5,1.0,0.2524
64,cffb295ba5e956aa96e48f274d117e108dd5c444a2513a601f64a598a0bb754d,"BNY beats Q1 profit estimates to kick-off 2025, helped by jump in assets under custody - Reuters",,,BK,unknown_event,1.0,No specific event detected,0.9,0.1,1,1.910941094649795,0.8936,1.109,0.5,1.0,0.2602
65,d0628ebdbee231311b2356627bc476f92190cfa22bae7da202a5d67ab36a060d,BNY launches new blockchain accounting tool with BlackRock as first client - Fortune,,,BK,unknown_event,1.0,No specific event detected,0.9,0.1,1,1.5775084410015996,0.8936,1.109,0.5,1.0,0.2148
66,d0ea69f2939ad0aa7d51cdf6bdce9a877733df5525564f337d2ff64f9c83ed58,BNY gets license for Saudi regional HQ as global banks grow presence - Arab News,,,BK,unknown_event,1.0,No specific event detected,0.9,0.1,1,1.2862590695351956,0.8936,1.109,0.5,1.0,0.1751
67,d1a2753412c09b8c87680a29561f1e4eb06d58d06e9b13cbeaf01a0fe7bc3959,Market meltdown: should you sell your shares – or buy? - The Telegraph,,,BK,unknown_event,1.0,No specific event detected,0.9,0.1,1,1.2797092995993342,0.8936,1.109,0.5,1.0,0.1743
68,d82bf55615ff8868c8f748d3dbbb9e9a1f5b5a6a3d0dcf6c9c9fe4bf1c937415,Global Rout Carries Whiff of Panic as Trump Holds Fast on Tariffs - Bloomberg.com,,,BK,unknown_event,1.0,No specific event detected,0.9,0.1,1,1.7613733980708277,0.8936,1.109,0.5,1.0,0.2398
69,d85722559da151c94b92fbff66637951002780ae4ae37fa722b0b556f9183539,"BlackRock (BLK), BNY Team Up to Tokenize Shares of $150B Treasury Trust Fund, SEC Filing Shows - CoinDesk",,,BK,unknown_event,1.0,No specific event detected,0.9,0.1,1,1.306654793609498,0.8936,1.109,0.5,1.0,0.1779
70,d9845dc2d2cb383fd2c48f8c3aaa0bdfd602c04867e7785896064cd6a24697a6,US Bank announces leader for investment services division - Funds Europe,,,BK,unknown_event,1.0,No specific event detected,0.9,0.1,1,1.8246526893477863,0.8936,1.109,0.5,1.0,0.2485
71,da72b9a9093c88bb88be623864dba040890886c5131f3b02bcd5fe5a395073f0,"BNY's First-Quarter 2025 Market, Wealth Services Income Rises - Family Wealth Report",,,BK,unknown_event,1.0,No specific event detected,0.9,0.1,1,1.5716208802482203,0.8936,1.109,0.5,1.0,0.214
72,ddcb5c6b6b88836a3ef258f1d04039de62ad45acadc2064b8901580329e0f98c,iFlow | Equities | Retail doesn’t always win? - BNY,,,BK,unknown_event,1.0,No specific event detected,0.9,0.1,1,1.872673298198169,0.8936,1.109,0.5,1.0,0.255
73,df5901655035d08dbbd6cf691ed35ea7c554abae2fe4c37333bff78fbd798b61,Bank of New York Mellon: A Stagflation Winner At A Fair Valuation (NYSE:BK) - Seeking Alpha,,,BK,unknown_event,1.0,No specific event detected,0.9,0.1,1,1.4955633435907165,0.8936,1.109,0.5,1.0,0.2037
74,e035ca01d84fb983b0a88865e8f4247ad20830413bdd1769b993513e00099a45,"Trade-war panic is so overblown that it's a great time to buy, these Wall Street strategists say - Business Insider",,,BK,unknown_event,1.0,No specific event detected,0.9,0.1,1,1.9544184770103552,0.8936,1.109,0.5,1.0,0.2661
75,e1037f9d8afc6885d13dcbb8594636249ecbce9f1aad6bfb7651671f24300975,"BNY’s Profit Jumps 21%, Warns of ‘Uncertain’ Outlook Ahead - Bloomberg.com",,,BK,unknown_event,1.0,No specific event detected,0.9,0.1,1,1.5104047145763912,0.8936,1.109,0.5,1.0,0.2057
76,e422e255636ff63e95caaaa443b83a8bb81bc872d10e62611e2ff1e45851cc5e,DTCC Welcomes Two Senior Leaders in Financial Services to Its Board of Directors - FF News | Fintech Finance,,,BK,unknown_event,1.0,No specific event detected,0.9,0.1,1,1.31121971921071,0.8936,1.109,0.5,1.0,0.1785
77,e5171b804b578b81b75a43d8c81fe4bb688875610963241c1153d85c722221f0,BNY Mellon price target lowered to $93 from $94 at Morgan Stanley - TipRanks,,,BK,unknown_event,1.0,No specific event detected,0.9,0.1,1,1.9064048150176651,0.8936,1.109,0.5,1.0,0.2596
78,ea615a20ae977920ed34dd2aae88120c77216fcb058860321648820cdba57c72,The Big 4’s entry criteria and your graduate job application - TargetJobs,,,BK,unknown_event,1.0,No specific event detected,0.9,0.1,1,1.94046722074295,0.8936,1.109,0.5,1.0,0.2642
79,eb96542384c268eab3a06b01c9fbc528d5501ae05305cc52fcf3b8d6f12e6d4c,BNY starts feeding digital asset reserve accounting to blockchains - ledgerinsights.com,,,BK,unknown_event,1.0,No specific event detected,0.9,0.1,1,1.6952997450263512,0.8936,1.109,0.5,1.0,0.2308
80,ec3aa78b966b4745b1f7b760fbf60dfb484aa5a797f559dced1e56601449b70b,Key metrics from Bank of New York Mellon Corporation’s (BK) Q1 2025 earnings results - AlphaStreet,,,BK,unknown_event,1.0,No specific event detected,0.9,0.1,1,1.4994649797032436,0.8936,1.109,0.5,1.0,0.2042
81,ed431fe96d591e6b45e39227cdc4931ede71facff68468e287667cd1508a8bce,IMF and World Bank Spring Meetings: 3 key themes - BNY,,,BK,unknown_event,1.0,No specific event detected,0.9,0.1,1,1.9347200275414238,0.8936,1.109,0.5,1.0,0.2635
82,f10fca3c73e6cedb5b3573cb9de66640cc4171ccf63c431b4f251f815719a883,Foreign investors are selling more Treasurys. That’s bad news for U.S. borrowers. - MarketWatch,,,BK,unknown_event,1.0,No specific event detected,0.9,0.1,1,1.5411605316808759,0.8936,1.109,0.5,1.0,0.2099
83,f373c30715808667597281520d496eb4af874c5d6005a79f89127d78b051e87f,JP Morgan picks up servicing mandate for Iceland’s Pension Fund of Commerce - Global Custodian,,,BK,unknown_event,1.0,No specific event detected,0.9,0.1,1,1.914351445893212,0.8936,1.109,0.5,1.0,0.2607
84,f5f086f22b403ac4b219fa2baff034f0227734e2429c7043a74183303a004508,BNY Obtains Regional Headquarters License in the Kingdom of Saudi Arabia - BNY,,,BK,unknown_event,1.0,No specific event detected,0.9,0.1,1,1.344176762686879,0.8936,1.109,0.5,1.0,0.183
85,f748214e16187eb563f3f4107a17a272f5ba41d4298c16115f494aa2c2255aa0,PRESS RELEASE: Global Finance Names The World’s Best Financial Innovation Labs 2025 - Global Finance Magazine,,,BK,unknown_event,1.0,No specific event detected,0.9,0.1,1,1.8835173761648285,0.8936,1.109,0.5,1.0,0.2565
86,ff9029aafd452fc143e0fec54cda60d4da2d65c02e545e5219be2522c650b4dc,BNY Mellon secures regional headquarters license in Saudi Arabia - economymiddleeast.com,,,BK,unknown_event,1.0,No specific event detected,0.9,0.1,1,1.2581378345144874,0.8936,1.109,0.5,1.0,0.1713
